{
  "AWSTemplateFormatVersion": "2010-09-09",
  "Description": "AWS CloudFormation sample template that contains a single Lambda function behind an API Gateway",

  "Parameters" : {
    "KeyName": {
      "Description" : "Name of an existing EC2 KeyPair to enable SSH access to the instance",
      "Type": "AWS::EC2::KeyPair::KeyName",
      "ConstraintDescription" : "Can contain only ASCII characters."
    },  
    "InstanceType" : {
      "Description" : "WebServer EC2 instance type",
      "Type" : "String",
      "Default" : "t2.small",
      "AllowedValues" : [ "t1.micro", "t2.micro", "t2.small", "t2.medium", "m1.small", "m1.medium", "m1.large", "m1.xlarge", "m2.xlarge", "m2.2xlarge", "m2.4xlarge", "m3.medium", "m3.large", "m3.xlarge", "m3.2xlarge", "c1.medium", "c1.xlarge", "c3.large", "c3.xlarge", "c3.2xlarge", "c3.4xlarge", "c3.8xlarge", "g2.2xlarge", "r3.large", "r3.xlarge", "r3.2xlarge", "r3.4xlarge", "r3.8xlarge", "i2.xlarge", "i2.2xlarge", "i2.4xlarge", "i2.8xlarge", "hi1.4xlarge", "hs1.8xlarge", "cr1.8xlarge", "cc2.8xlarge", "cg1.4xlarge"],
      "ConstraintDescription" : "Must be a valid EC2 instance type"
    },
    "LambdaS3Bucket": {
      "Description" : "Name of an S3 bucket containing snapshotwidgetdemo.zip",
      "Type" : "String",
      "ConstraintDescription" : "Must be a valid S3 bucket"
    }, 
  },

  "Mappings" : {
    "AWSInstanceType2Arch" : {
      "t1.micro"    : { "Arch" : "PV64"   },
      "t2.micro"    : { "Arch" : "HVM64"  },
      "t2.small"    : { "Arch" : "HVM64"  },
      "t2.medium"   : { "Arch" : "HVM64"  },
      "m1.small"    : { "Arch" : "PV64"   },
      "m1.medium"   : { "Arch" : "PV64"   },
      "m1.large"    : { "Arch" : "PV64"   },
      "m1.xlarge"   : { "Arch" : "PV64"   },
      "m2.xlarge"   : { "Arch" : "PV64"   },
      "m2.2xlarge"  : { "Arch" : "PV64"   },
      "m2.4xlarge"  : { "Arch" : "PV64"   },
      "m3.medium"   : { "Arch" : "HVM64"  },
      "m3.large"    : { "Arch" : "HVM64"  },
      "m3.xlarge"   : { "Arch" : "HVM64"  },
      "m3.2xlarge"  : { "Arch" : "HVM64"  },
      "c1.medium"   : { "Arch" : "PV64"   },
      "c1.xlarge"   : { "Arch" : "PV64"   },
      "c3.large"    : { "Arch" : "HVM64"  },
      "c3.xlarge"   : { "Arch" : "HVM64"  },
      "c3.2xlarge"  : { "Arch" : "HVM64"  },
      "c3.4xlarge"  : { "Arch" : "HVM64"  },
      "c3.8xlarge"  : { "Arch" : "HVM64"  },
      "g2.2xlarge"  : { "Arch" : "HVMG2"  },
      "r3.large"    : { "Arch" : "HVM64"  },
      "r3.xlarge"   : { "Arch" : "HVM64"  },
      "r3.2xlarge"  : { "Arch" : "HVM64"  },
      "r3.4xlarge"  : { "Arch" : "HVM64"  },
      "r3.8xlarge"  : { "Arch" : "HVM64"  },
      "i2.xlarge"   : { "Arch" : "HVM64"  },
      "i2.2xlarge"  : { "Arch" : "HVM64"  },
      "i2.4xlarge"  : { "Arch" : "HVM64"  },
      "i2.8xlarge"  : { "Arch" : "HVM64"  },
      "hi1.4xlarge" : { "Arch" : "HVM64"  },
      "hs1.8xlarge" : { "Arch" : "HVM64"  },
      "cr1.8xlarge" : { "Arch" : "HVM64"  },
      "cc2.8xlarge" : { "Arch" : "HVM64"  }
    },

    "AWSRegionArch2AMI" : {
      "us-east-1"      : { "PV64" : "ami-50842d38", "HVM64" : "ami-08842d60", "HVMG2" : "ami-3a329952"  },
      "us-west-2"      : { "PV64" : "ami-af86c69f", "HVM64" : "ami-8786c6b7", "HVMG2" : "ami-47296a77"  },
      "us-west-1"      : { "PV64" : "ami-c7a8a182", "HVM64" : "ami-cfa8a18a", "HVMG2" : "ami-331b1376"  },
      "eu-west-1"      : { "PV64" : "ami-aa8f28dd", "HVM64" : "ami-748e2903", "HVMG2" : "ami-00913777"  },
      "ap-southeast-1" : { "PV64" : "ami-20e1c572", "HVM64" : "ami-d6e1c584", "HVMG2" : "ami-fabe9aa8"  },
      "ap-northeast-1" : { "PV64" : "ami-21072820", "HVM64" : "ami-35072834", "HVMG2" : "ami-5dd1ff5c"  },
      "ap-southeast-2" : { "PV64" : "ami-8b4724b1", "HVM64" : "ami-fd4724c7", "HVMG2" : "ami-e98ae9d3"  },
      "sa-east-1"      : { "PV64" : "ami-9d6cc680", "HVM64" : "ami-956cc688", "HVMG2" : "NOT_SUPPORTED" },
      "cn-north-1"     : { "PV64" : "ami-a857c591", "HVM64" : "ami-ac57c595", "HVMG2" : "NOT_SUPPORTED" },
      "eu-central-1"   : { "PV64" : "ami-a03503bd", "HVM64" : "ami-b43503a9", "HVMG2" : "ami-b03503ad"  }
    }
  },

  "Resources": {

    "VPC" : {
      "Type" : "AWS::EC2::VPC",
      "Properties" : {
        "CidrBlock" : "10.0.0.0/16",
        "Tags" : [ {"Key" : "Application", "Value" : { "Ref" : "AWS::StackId"} } ]
      }
    },

    "SubnetA" : {
      "Type" : "AWS::EC2::Subnet",
      "Properties" : {
        "VpcId" : { "Ref" : "VPC" },
        "AvailabilityZone" : {
          "Fn::Select" : [ "0", { "Fn::GetAZs" : "" } ]
        },
        "CidrBlock" : "10.0.0.0/17",
        "Tags" : [ {"Key" : "Application", "Value" : { "Ref" : "AWS::StackId"} } ]
      }
    },

    "SubnetB" : {
      "Type" : "AWS::EC2::Subnet",
      "Properties" : {
        "VpcId" : { "Ref" : "VPC" },
        "AvailabilityZone" : {
          "Fn::Select" : [ "1", { "Fn::GetAZs" : "" } ]
        },
        "CidrBlock" : "10.0.128.0/17",
        "Tags" : [ {"Key" : "Application", "Value" : { "Ref" : "AWS::StackId"} } ]
      }
    },

    "InternetGateway" : {
      "Type" : "AWS::EC2::InternetGateway",
      "Properties" : {
        "Tags" : [ {"Key" : "Application", "Value" : { "Ref" : "AWS::StackId"} } ]
      }
    },

    "AttachGateway" : {
       "Type" : "AWS::EC2::VPCGatewayAttachment",
       "Properties" : {
         "VpcId" : { "Ref" : "VPC" },
         "InternetGatewayId" : { "Ref" : "InternetGateway" }
       }
    },

    "RouteTable" : {
      "Type" : "AWS::EC2::RouteTable",
      "Properties" : {
        "VpcId" : {"Ref" : "VPC"},
        "Tags" : [ {"Key" : "Application", "Value" : { "Ref" : "AWS::StackId"} } ]
      }
    },

    "Route" : {
      "Type" : "AWS::EC2::Route",
      "DependsOn" : "AttachGateway",
      "Properties" : {
        "RouteTableId" : { "Ref" : "RouteTable" },
        "DestinationCidrBlock" : "0.0.0.0/0",
        "GatewayId" : { "Ref" : "InternetGateway" }
      }
    },

    "SubnetRouteTableAssociation" : {
      "Type" : "AWS::EC2::SubnetRouteTableAssociation",
      "Properties" : {
        "SubnetId" : { "Ref" : "SubnetA" },
        "RouteTableId" : { "Ref" : "RouteTable" }
      }
    },

    "NetworkAcl" : {
      "Type" : "AWS::EC2::NetworkAcl",
      "Properties" : {
        "VpcId" : {"Ref" : "VPC"},
        "Tags" : [ {"Key" : "Application", "Value" : { "Ref" : "AWS::StackId"} } ]
      }
    },

    "InboundHTTPNetworkAclEntry" : {
      "Type" : "AWS::EC2::NetworkAclEntry",
      "Properties" : {
        "NetworkAclId" : {"Ref" : "NetworkAcl"},
        "RuleNumber" : "100",
        "Protocol" : "6",
        "RuleAction" : "allow",
        "Egress" : "false",
        "CidrBlock" : "0.0.0.0/0",
        "PortRange" : {"From" : "80", "To" : "80"}
      }
    },

    "InboundSSHNetworkAclEntry" : {
      "Type" : "AWS::EC2::NetworkAclEntry",
      "Properties" : {
        "NetworkAclId" : {"Ref" : "NetworkAcl"},
        "RuleNumber" : "101",
        "Protocol" : "6",
        "RuleAction" : "allow",
        "Egress" : "false",
        "CidrBlock" : "0.0.0.0/0",
        "PortRange" : {"From" : "22", "To" : "22"}
      }
    },

    "InboundResponsePortsNetworkAclEntry" : {
      "Type" : "AWS::EC2::NetworkAclEntry",
      "Properties" : {
        "NetworkAclId" : {"Ref" : "NetworkAcl"},
        "RuleNumber" : "102",
        "Protocol" : "6",
        "RuleAction" : "allow",
        "Egress" : "false",
        "CidrBlock" : "0.0.0.0/0",
        "PortRange" : {"From" : "1024", "To" : "65535"}
      }
    },

    "OutBoundHTTPNetworkAclEntry" : {
      "Type" : "AWS::EC2::NetworkAclEntry",
      "Properties" : {
        "NetworkAclId" : {"Ref" : "NetworkAcl"},
        "RuleNumber" : "100",
        "Protocol" : "6",
        "RuleAction" : "allow",
        "Egress" : "true",
        "CidrBlock" : "0.0.0.0/0",
        "PortRange" : {"From" : "80", "To" : "80"}
      }
    },

    "OutBoundHTTPSNetworkAclEntry" : {
      "Type" : "AWS::EC2::NetworkAclEntry",
      "Properties" : {
        "NetworkAclId" : {"Ref" : "NetworkAcl"},
        "RuleNumber" : "101",
        "Protocol" : "6",
        "RuleAction" : "allow",
        "Egress" : "true",
        "CidrBlock" : "0.0.0.0/0",
        "PortRange" : {"From" : "443", "To" : "443"}
      }
    },

    "OutBoundResponsePortsNetworkAclEntry" : {
      "Type" : "AWS::EC2::NetworkAclEntry",
      "Properties" : {
        "NetworkAclId" : {"Ref" : "NetworkAcl"},
        "RuleNumber" : "102",
        "Protocol" : "6",
        "RuleAction" : "allow",
        "Egress" : "true",
        "CidrBlock" : "0.0.0.0/0",
        "PortRange" : {"From" : "1024", "To" : "65535"}
      }
    },

    "SubnetNetworkAclAssociation" : {
      "Type" : "AWS::EC2::SubnetNetworkAclAssociation",
      "Properties" : {
        "SubnetId" : { "Ref" : "SubnetA" },
        "NetworkAclId" : { "Ref" : "NetworkAcl" }
      }
    },

    "InstanceSecurityGroup" : {
      "Type" : "AWS::EC2::SecurityGroup",
      "Properties" : {
        "VpcId" : { "Ref" : "VPC" },
        "GroupDescription" : "Enable SSH access via port 22",
        "SecurityGroupIngress" : [
          {"IpProtocol" : "tcp", "FromPort" : "22", "ToPort" : "22", "CidrIp" : "0.0.0.0/0"},
          { "IpProtocol" : "tcp", "FromPort" : "80", "ToPort" : "80", "CidrIp" : "0.0.0.0/0"}
         ]
      }
    },

    "EC2Instance": {
      "Type": "AWS::EC2::Instance",
      "Properties": {
        "ImageId" : { "Fn::FindInMap" : [ "AWSRegionArch2AMI", { "Ref" : "AWS::Region" },
                          { "Fn::FindInMap" : [ "AWSInstanceType2Arch", { "Ref" : "InstanceType" }, "Arch" ] } ] },
        "InstanceType"   : { "Ref" : "InstanceType" },
        "KeyName"        : { "Ref" : "KeyName" },
        "Monitoring"     : "true",
        "NetworkInterfaces" : [{
          "GroupSet"                 : [{ "Ref" : "InstanceSecurityGroup" }],
          "AssociatePublicIpAddress" : "true",
          "DeviceIndex"              : "0",
          "DeleteOnTermination"      : "true",
          "SubnetId"                 : { "Ref" : "SubnetA" }
        }]
      }
    },

    "SnapshotGraphsLambda": {
      "Type": "AWS::Lambda::Function",
      "Properties": {
        "Code": {
          "S3Bucket": { "Ref" : "LambdaS3Bucket" },
          "S3Key": "snapshotwidgetdemo.zip"
        },
        "Timeout" : "30",
        "Description": "A function to retrieve a CloudWatch snapshot graph",
        "FunctionName": "SnapshotGraphsLambda",
        "Handler": "server.myHandler",
        "Role": { "Fn::GetAtt": ["LambdaExecutionRole", "Arn"]},
        "Runtime": "nodejs8.10"
      }
    },

    "LambdaExecutionRole": {
      "Type": "AWS::IAM::Role",
      "Properties": {
        "AssumeRolePolicyDocument": {
          "Version": "2012-10-17",
          "Statement": [{
            "Effect": "Allow",
            "Principal": { "Service": ["lambda.amazonaws.com"] },
            "Action": ["sts:AssumeRole"]
          }]
        },
        "ManagedPolicyArns": ["arn:aws:iam::aws:policy/service-role/AWSLambdaBasicExecutionRole", 
                              "arn:aws:iam::aws:policy/CloudWatchReadOnlyAccess"]
      }
    },

    "SnapshotGraphsApi": {
      "Type": "AWS::ApiGateway::RestApi",
      "Properties": {
        "Name": "CloudWatch Snapshot Graphs API",
        "Description": "API used to retrieve CloudWatch snapshot graphs",
        "FailOnWarnings": true
      }
    },

    "LambdaPermission": {
      "Type": "AWS::Lambda::Permission",
      "Properties": {
        "Action": "lambda:invokeFunction",
        "FunctionName": {"Fn::GetAtt": ["SnapshotGraphsLambda", "Arn"]},
        "Principal": "apigateway.amazonaws.com",
        "SourceArn": {"Fn::Join": ["", ["arn:aws:execute-api:", {"Ref": "AWS::Region"}, ":", {"Ref": "AWS::AccountId"}, ":", {"Ref": "SnapshotGraphsApi"}, "/*"]]}
      }
    },

    "ApiGatewayCloudWatchLogsRole": {
      "Type": "AWS::IAM::Role",
      "Properties": {
        "AssumeRolePolicyDocument": {
          "Version": "2012-10-17",
          "Statement": [{
            "Effect": "Allow",
            "Principal": { "Service": ["apigateway.amazonaws.com"] },
            "Action": ["sts:AssumeRole"]
          }]
        },
        "Policies": [{
          "PolicyName": "ApiGatewayLogsPolicy",
          "PolicyDocument": {
            "Version": "2012-10-17",
            "Statement": [{
              "Effect": "Allow",
              "Action": [
                "logs:CreateLogGroup",
                "logs:CreateLogStream",
                "logs:DescribeLogGroups",
                "logs:DescribeLogStreams",
                "logs:PutLogEvents",
                "logs:GetLogEvents",
                "logs:FilterLogEvents"
              ],
              "Resource": "*"
            }]
          }
        }]
      }
    },

    "ApiGatewayAccount": {
      "Type": "AWS::ApiGateway::Account",
      "Properties": {
        "CloudWatchRoleArn": {"Fn::GetAtt": ["ApiGatewayCloudWatchLogsRole", "Arn"] }
      }
    },

    "SnapshotGraphsApiStage": {
      "DependsOn": ["ApiGatewayAccount"],
      "Type": "AWS::ApiGateway::Stage",
      "Properties": {
        "DeploymentId": {"Ref": "ApiDeployment"},
        "MethodSettings": [{
          "DataTraceEnabled": true,
          "HttpMethod": "*",
          "LoggingLevel": "INFO",
          "ResourcePath": "/*"
        }],
        "RestApiId": {"Ref": "SnapshotGraphsApi"},
        "StageName": "LATEST"
      }
    },

    "ApiDeployment": {
      "Type": "AWS::ApiGateway::Deployment",
      "DependsOn": ["SnapshotGraphsRequest"],
      "Properties": {
        "RestApiId": {"Ref": "SnapshotGraphsApi"},
        "StageName": "DummyStage"
      }
    },

    "SnapshotGraphsResource": {
      "Type": "AWS::ApiGateway::Resource",
      "Properties": {
        "RestApiId": {"Ref": "SnapshotGraphsApi"},
        "ParentId": {"Fn::GetAtt": ["SnapshotGraphsApi", "RootResourceId"]},
        "PathPart": "graph"
      }
    },

    "SnapshotGraphsRequest": {
      "DependsOn": "LambdaPermission",
      "Type": "AWS::ApiGateway::Method",
      "Properties": {
        "ApiKeyRequired": "true",
        "AuthorizationType": "NONE",
        "HttpMethod": "GET",
        "Integration": {
          "Type": "AWS_PROXY",
          "IntegrationHttpMethod": "POST",
          "Uri": {"Fn::Join": ["",
            ["arn:aws:apigateway:", {"Ref": "AWS::Region"}, ":lambda:path/2015-03-31/functions/", {"Fn::GetAtt": ["SnapshotGraphsLambda", "Arn"]}, "/invocations"]
          ]},
          "IntegrationResponses": [{
            "StatusCode": "200"
          }]
        },
        "RequestParameters": {
          "method.request.querystring.widgetDefinition": "true"
        },
        "ResourceId": {"Ref": "SnapshotGraphsResource"},
        "RestApiId": {"Ref": "SnapshotGraphsApi"},
        "MethodResponses": [{
          "StatusCode": "200"
        }]
      }
    },

    "SnapshotGraphsCORSRequest": {
      "Type": "AWS::ApiGateway::Method",
      "Properties": {
        "AuthorizationType": "NONE",
        "HttpMethod": "OPTIONS",
        "Integration": {
          "Type":"MOCK",
          "PassthroughBehavior": "NEVER",
          "RequestTemplates": {
            "application/json": "{ statusCode: 200 }"
            },
          "IntegrationResponses": [{
            "ResponseParameters": {
              "method.response.header.Access-Control-Allow-Headers": "'*'",
              "method.response.header.Access-Control-Allow-Methods": "'GET,POST,OPTIONS'",
              "method.response.header.Access-Control-Allow-Origin": "'*'"
            },
            "ResponseTemplates": {
              "application/json": "Empty"
            },
            "StatusCode": "200"
          }]
        },
        "MethodResponses" : [ {
          "ResponseParameters": {
              "method.response.header.Access-Control-Allow-Headers": "'*'",
              "method.response.header.Access-Control-Allow-Methods": "'GET,POST,OPTIONS'",
              "method.response.header.Access-Control-Allow-Origin": "'*'"
          },
          "ResponseModels": {
            "application/json": "Empty"
          },
          "StatusCode": "200"
        }],
        "ResourceId": {"Ref": "SnapshotGraphsResource"},
        "RestApiId": {"Ref": "SnapshotGraphsApi"}
      }
    },

    "APIUsagePlan" : {
      "Type" : "AWS::ApiGateway::UsagePlan",
      "Properties" : {
        "ApiStages" : [ {"ApiId" : { "Ref" : "SnapshotGraphsApi" }, 
                         "Stage" : { "Ref" : "SnapshotGraphsApiStage" }} ],
        "Description" : "Demo usage plan",
        "Quota" : {
          "Limit" : 5000,
          "Period" : "MONTH"
        },
        "Throttle" : {
          "BurstLimit" : 200,
          "RateLimit" : 100
        },
        "UsagePlanName" : "Plan_ABC"
      }
    },

    "ApiKey": {
      "Type": "AWS::ApiGateway::ApiKey",
      "DependsOn": ["SnapshotGraphsApi","SnapshotGraphsApiStage"],
      "Properties": {
        "Name": "TestApiKey",
        "Description": "API Key V1",
        "Enabled": "true",
        "StageKeys": [{
          "RestApiId": { "Ref": "SnapshotGraphsApi" },
          "StageName": { "Ref":"SnapshotGraphsApiStage" }
        }]
      }
    },

    "UsagePlanKey" : {
      "Type": "AWS::ApiGateway::UsagePlanKey",
      "Properties": {
        "KeyId" : {"Ref" : "ApiKey"},
        "KeyType" : "API_KEY",
        "UsagePlanId" : {"Ref" : "APIUsagePlan"}
      }
    }

  },

  "Outputs": {
    "Url": {
      "Description": "URL of the API gateway",
      "Value": {"Fn::Join": ["", ["https://", {"Ref": "SnapshotGraphsApi"}, ".execute-api.", {"Ref": "AWS::Region"}, ".amazonaws.com/LATEST/graph"]]}
    },

    "InstanceID" : {
      "Description": "The Instance ID",  
      "Value" : { "Ref" : "EC2Instance" }
    },

    "APIKey_Ref" : {
      "Description": "The API Key Reference - not the key itself",  
      "Value" : { "Ref" : "ApiKey" }
    }
  }
}